store,sku,target_week,method,prediction,prediction_raw_preclip,clipped,lag1,lag52,roll_mean_4,price,promo_flag,status,origin_utc,availability_cutoff_utc,model_hash,protocol_hash,manifest_hash,caveat
A,SKU001,105,gradient_boosting,27.058687189404566,27.058687189404566,False,18.0,59.0,31.0,,,forecast_no_outcome_yet+plan_unavailable_native_nan_routing,2024-01-01T00:00:00+00:00,2024-01-01T00:00:00+00:00,1c4f5109597839e232a0f4666443347e3d45075d918f14a6a5c7d292a57d5c0a,a9604f02542bedc616de8c4c53f479ecbd20eabecd9f25c7a134ebe84e06b9eb,7275e08eaf7ed88067f9a8ce63a597e92f6546b0be3987bbf8e1606ec37878cf,"Any forecast issued for a week whose outcome does not yet exist carries no accuracy metric until that outcome is observed (protocol outputs_deferred_to_later_steps.real_future_forecast_caveat). No price/promo plan exists for this week, so price and promo_flag are NaN and the model routes them via HistGradientBoostingRegressor native missing-value handling. Under the frozen protocol's plan_missing_policy such a row would be UNAVAILABLE for any scored set; this forecast is outside the protocol's scored contract."
A,SKU002,105,gradient_boosting,32.02823109765587,32.02823109765587,False,20.0,23.0,37.0,,,forecast_no_outcome_yet+plan_unavailable_native_nan_routing,2024-01-01T00:00:00+00:00,2024-01-01T00:00:00+00:00,1c4f5109597839e232a0f4666443347e3d45075d918f14a6a5c7d292a57d5c0a,a9604f02542bedc616de8c4c53f479ecbd20eabecd9f25c7a134ebe84e06b9eb,7275e08eaf7ed88067f9a8ce63a597e92f6546b0be3987bbf8e1606ec37878cf,"Any forecast issued for a week whose outcome does not yet exist carries no accuracy metric until that outcome is observed (protocol outputs_deferred_to_later_steps.real_future_forecast_caveat). No price/promo plan exists for this week, so price and promo_flag are NaN and the model routes them via HistGradientBoostingRegressor native missing-value handling. Under the frozen protocol's plan_missing_policy such a row would be UNAVAILABLE for any scored set; this forecast is outside the protocol's scored contract."
A,SKU003,105,gradient_boosting,11.959554542610217,11.959554542610217,False,11.0,14.0,7.25,,,forecast_no_outcome_yet+plan_unavailable_native_nan_routing,2024-01-01T00:00:00+00:00,2024-01-01T00:00:00+00:00,1c4f5109597839e232a0f4666443347e3d45075d918f14a6a5c7d292a57d5c0a,a9604f02542bedc616de8c4c53f479ecbd20eabecd9f25c7a134ebe84e06b9eb,7275e08eaf7ed88067f9a8ce63a597e92f6546b0be3987bbf8e1606ec37878cf,"Any forecast issued for a week whose outcome does not yet exist carries no accuracy metric until that outcome is observed (protocol outputs_deferred_to_later_steps.real_future_forecast_caveat). No price/promo plan exists for this week, so price and promo_flag are NaN and the model routes them via HistGradientBoostingRegressor native missing-value handling. Under the frozen protocol's plan_missing_policy such a row would be UNAVAILABLE for any scored set; this forecast is outside the protocol's scored contract."
A,SKU004,105,gradient_boosting,27.126636830628325,27.126636830628325,False,45.0,,30.25,,,forecast_no_outcome_yet+plan_unavailable_native_nan_routing,2024-01-01T00:00:00+00:00,2024-01-01T00:00:00+00:00,1c4f5109597839e232a0f4666443347e3d45075d918f14a6a5c7d292a57d5c0a,a9604f02542bedc616de8c4c53f479ecbd20eabecd9f25c7a134ebe84e06b9eb,7275e08eaf7ed88067f9a8ce63a597e92f6546b0be3987bbf8e1606ec37878cf,"Any forecast issued for a week whose outcome does not yet exist carries no accuracy metric until that outcome is observed (protocol outputs_deferred_to_later_steps.real_future_forecast_caveat). No price/promo plan exists for this week, so price and promo_flag are NaN and the model routes them via HistGradientBoostingRegressor native missing-value handling. Under the frozen protocol's plan_missing_policy such a row would be UNAVAILABLE for any scored set; this forecast is outside the protocol's scored contract."
A,SKU005,105,gradient_boosting,14.939441628020305,14.939441628020305,False,11.0,12.0,13.25,,,forecast_no_outcome_yet+plan_unavailable_native_nan_routing,2024-01-01T00:00:00+00:00,2024-01-01T00:00:00+00:00,1c4f5109597839e232a0f4666443347e3d45075d918f14a6a5c7d292a57d5c0a,a9604f02542bedc616de8c4c53f479ecbd20eabecd9f25c7a134ebe84e06b9eb,7275e08eaf7ed88067f9a8ce63a597e92f6546b0be3987bbf8e1606ec37878cf,"Any forecast issued for a week whose outcome does not yet exist carries no accuracy metric until that outcome is observed (protocol outputs_deferred_to_later_steps.real_future_forecast_caveat). No price/promo plan exists for this week, so price and promo_flag are NaN and the model routes them via HistGradientBoostingRegressor native missing-value handling. Under the frozen protocol's plan_missing_policy such a row would be UNAVAILABLE for any scored set; this forecast is outside the protocol's scored contract."
A,SKU006,105,gradient_boosting,17.76067037537565,17.76067037537565,False,20.0,17.0,17.75,,,forecast_no_outcome_yet+plan_unavailable_native_nan_routing,2024-01-01T00:00:00+00:00,2024-01-01T00:00:00+00:00,1c4f5109597839e232a0f4666443347e3d45075d918f14a6a5c7d292a57d5c0a,a9604f02542bedc616de8c4c53f479ecbd20eabecd9f25c7a134ebe84e06b9eb,7275e08eaf7ed88067f9a8ce63a597e92f6546b0be3987bbf8e1606ec37878cf,"Any forecast issued for a week whose outcome does not yet exist carries no accuracy metric until that outcome is observed (protocol outputs_deferred_to_later_steps.real_future_forecast_caveat). No price/promo plan exists for this week, so price and promo_flag are NaN and the model routes them via HistGradientBoostingRegressor native missing-value handling. Under the frozen protocol's plan_missing_policy such a row would be UNAVAILABLE for any scored set; this forecast is outside the protocol's scored contract."
A,SKU007,105,gradient_boosting,20.595185837765317,20.595185837765317,False,23.0,14.0,20.0,,,forecast_no_outcome_yet+plan_unavailable_native_nan_routing,2024-01-01T00:00:00+00:00,2024-01-01T00:00:00+00:00,1c4f5109597839e232a0f4666443347e3d45075d918f14a6a5c7d292a57d5c0a,a9604f02542bedc616de8c4c53f479ecbd20eabecd9f25c7a134ebe84e06b9eb,7275e08eaf7ed88067f9a8ce63a597e92f6546b0be3987bbf8e1606ec37878cf,"Any forecast issued for a week whose outcome does not yet exist carries no accuracy metric until that outcome is observed (protocol outputs_deferred_to_later_steps.real_future_forecast_caveat). No price/promo plan exists for this week, so price and promo_flag are NaN and the model routes them via HistGradientBoostingRegressor native missing-value handling. Under the frozen protocol's plan_missing_policy such a row would be UNAVAILABLE for any scored set; this forecast is outside the protocol's scored contract."
A,SKU008,105,gradient_boosting,15.656867015070157,15.656867015070157,False,16.0,17.0,17.0,,,forecast_no_outcome_yet+plan_unavailable_native_nan_routing,2024-01-01T00:00:00+00:00,2024-01-01T00:00:00+00:00,1c4f5109597839e232a0f4666443347e3d45075d918f14a6a5c7d292a57d5c0a,a9604f02542bedc616de8c4c53f479ecbd20eabecd9f25c7a134ebe84e06b9eb,7275e08eaf7ed88067f9a8ce63a597e92f6546b0be3987bbf8e1606ec37878cf,"Any forecast issued for a week whose outcome does not yet exist carries no accuracy metric until that outcome is observed (protocol outputs_deferred_to_later_steps.real_future_forecast_caveat). No price/promo plan exists for this week, so price and promo_flag are NaN and the model routes them via HistGradientBoostingRegressor native missing-value handling. Under the frozen protocol's plan_missing_policy such a row would be UNAVAILABLE for any scored set; this forecast is outside the protocol's scored contract."
A,SKU009,105,gradient_boosting,18.206372115729362,18.206372115729362,False,13.0,28.0,16.25,,,forecast_no_outcome_yet+plan_unavailable_native_nan_routing,2024-01-01T00:00:00+00:00,2024-01-01T00:00:00+00:00,1c4f5109597839e232a0f4666443347e3d45075d918f14a6a5c7d292a57d5c0a,a9604f02542bedc616de8c4c53f479ecbd20eabecd9f25c7a134ebe84e06b9eb,7275e08eaf7ed88067f9a8ce63a597e92f6546b0be3987bbf8e1606ec37878cf,"Any forecast issued for a week whose outcome does not yet exist carries no accuracy metric until that outcome is observed (protocol outputs_deferred_to_later_steps.real_future_forecast_caveat). No price/promo plan exists for this week, so price and promo_flag are NaN and the model routes them via HistGradientBoostingRegressor native missing-value handling. Under the frozen protocol's plan_missing_policy such a row would be UNAVAILABLE for any scored set; this forecast is outside the protocol's scored contract."
A,SKU010,105,gradient_boosting,24.15740852630447,24.15740852630447,False,24.0,23.0,28.25,,,forecast_no_outcome_yet+plan_unavailable_native_nan_routing,2024-01-01T00:00:00+00:00,2024-01-01T00:00:00+00:00,1c4f5109597839e232a0f4666443347e3d45075d918f14a6a5c7d292a57d5c0a,a9604f02542bedc616de8c4c53f479ecbd20eabecd9f25c7a134ebe84e06b9eb,7275e08eaf7ed88067f9a8ce63a597e92f6546b0be3987bbf8e1606ec37878cf,"Any forecast issued for a week whose outcome does not yet exist carries no accuracy metric until that outcome is observed (protocol outputs_deferred_to_later_steps.real_future_forecast_caveat). No price/promo plan exists for this week, so price and promo_flag are NaN and the model routes them via HistGradientBoostingRegressor native missing-value handling. Under the frozen protocol's plan_missing_policy such a row would be UNAVAILABLE for any scored set; this forecast is outside the protocol's scored contract."
A,SKU011,105,gradient_boosting,28.119225952211494,28.119225952211494,False,69.0,45.0,31.75,,,forecast_no_outcome_yet+plan_unavailable_native_nan_routing,2024-01-01T00:00:00+00:00,2024-01-01T00:00:00+00:00,1c4f5109597839e232a0f4666443347e3d45075d918f14a6a5c7d292a57d5c0a,a9604f02542bedc616de8c4c53f479ecbd20eabecd9f25c7a134ebe84e06b9eb,7275e08eaf7ed88067f9a8ce63a597e92f6546b0be3987bbf8e1606ec37878cf,"Any forecast issued for a week whose outcome does not yet exist carries no accuracy metric until that outcome is observed (protocol outputs_deferred_to_later_steps.real_future_forecast_caveat). No price/promo plan exists for this week, so price and promo_flag are NaN and the model routes them via HistGradientBoostingRegressor native missing-value handling. Under the frozen protocol's plan_missing_policy such a row would be UNAVAILABLE for any scored set; this forecast is outside the protocol's scored contract."
A,SKU012,105,gradient_boosting,39.88336824391796,39.88336824391796,False,55.0,16.0,46.75,,,forecast_no_outcome_yet+plan_unavailable_native_nan_routing,2024-01-01T00:00:00+00:00,2024-01-01T00:00:00+00:00,1c4f5109597839e232a0f4666443347e3d45075d918f14a6a5c7d292a57d5c0a,a9604f02542bedc616de8c4c53f479ecbd20eabecd9f25c7a134ebe84e06b9eb,7275e08eaf7ed88067f9a8ce63a597e92f6546b0be3987bbf8e1606ec37878cf,"Any forecast issued for a week whose outcome does not yet exist carries no accuracy metric until that outcome is observed (protocol outputs_deferred_to_later_steps.real_future_forecast_caveat). No price/promo plan exists for this week, so price and promo_flag are NaN and the model routes them via HistGradientBoostingRegressor native missing-value handling. Under the frozen protocol's plan_missing_policy such a row would be UNAVAILABLE for any scored set; this forecast is outside the protocol's scored contract."
A,SKU013,105,gradient_boosting,17.763839407145344,17.763839407145344,False,21.0,11.0,19.25,,,forecast_no_outcome_yet+plan_unavailable_native_nan_routing,2024-01-01T00:00:00+00:00,2024-01-01T00:00:00+00:00,1c4f5109597839e232a0f4666443347e3d45075d918f14a6a5c7d292a57d5c0a,a9604f02542bedc616de8c4c53f479ecbd20eabecd9f25c7a134ebe84e06b9eb,7275e08eaf7ed88067f9a8ce63a597e92f6546b0be3987bbf8e1606ec37878cf,"Any forecast issued for a week whose outcome does not yet exist carries no accuracy metric until that outcome is observed (protocol outputs_deferred_to_later_steps.real_future_forecast_caveat). No price/promo plan exists for this week, so price and promo_flag are NaN and the model routes them via HistGradientBoostingRegressor native missing-value handling. Under the frozen protocol's plan_missing_policy such a row would be UNAVAILABLE for any scored set; this forecast is outside the protocol's scored contract."
A,SKU014,105,gradient_boosting,21.564885070288106,21.564885070288106,False,19.0,15.0,18.0,,,forecast_no_outcome_yet+plan_unavailable_native_nan_routing,2024-01-01T00:00:00+00:00,2024-01-01T00:00:00+00:00,1c4f5109597839e232a0f4666443347e3d45075d918f14a6a5c7d292a57d5c0a,a9604f02542bedc616de8c4c53f479ecbd20eabecd9f25c7a134ebe84e06b9eb,7275e08eaf7ed88067f9a8ce63a597e92f6546b0be3987bbf8e1606ec37878cf,"Any forecast issued for a week whose outcome does not yet exist carries no accuracy metric until that outcome is observed (protocol outputs_deferred_to_later_steps.real_future_forecast_caveat). No price/promo plan exists for this week, so price and promo_flag are NaN and the model routes them via HistGradientBoostingRegressor native missing-value handling. Under the frozen protocol's plan_missing_policy such a row would be UNAVAILABLE for any scored set; this forecast is outside the protocol's scored contract."
A,SKU015,105,gradient_boosting,26.58836109181242,26.58836109181242,False,64.0,21.0,33.75,,,forecast_no_outcome_yet+plan_unavailable_native_nan_routing,2024-01-01T00:00:00+00:00,2024-01-01T00:00:00+00:00,1c4f5109597839e232a0f4666443347e3d45075d918f14a6a5c7d292a57d5c0a,a9604f02542bedc616de8c4c53f479ecbd20eabecd9f25c7a134ebe84e06b9eb,7275e08eaf7ed88067f9a8ce63a597e92f6546b0be3987bbf8e1606ec37878cf,"Any forecast issued for a week whose outcome does not yet exist carries no accuracy metric until that outcome is observed (protocol outputs_deferred_to_later_steps.real_future_forecast_caveat). No price/promo plan exists for this week, so price and promo_flag are NaN and the model routes them via HistGradientBoostingRegressor native missing-value handling. Under the frozen protocol's plan_missing_policy such a row would be UNAVAILABLE for any scored set; this forecast is outside the protocol's scored contract."
A,SKU016,105,gradient_boosting,30.541200106807555,30.541200106807555,False,40.0,36.0,41.75,,,forecast_no_outcome_yet+plan_unavailable_native_nan_routing,2024-01-01T00:00:00+00:00,2024-01-01T00:00:00+00:00,1c4f5109597839e232a0f4666443347e3d45075d918f14a6a5c7d292a57d5c0a,a9604f02542bedc616de8c4c53f479ecbd20eabecd9f25c7a134ebe84e06b9eb,7275e08eaf7ed88067f9a8ce63a597e92f6546b0be3987bbf8e1606ec37878cf,"Any forecast issued for a week whose outcome does not yet exist carries no accuracy metric until that outcome is observed (protocol outputs_deferred_to_later_steps.real_future_forecast_caveat). No price/promo plan exists for this week, so price and promo_flag are NaN and the model routes them via HistGradientBoostingRegressor native missing-value handling. Under the frozen protocol's plan_missing_policy such a row would be UNAVAILABLE for any scored set; this forecast is outside the protocol's scored contract."
A,SKU017,105,gradient_boosting,27.104824871461265,27.104824871461265,False,13.0,34.0,31.25,,,forecast_no_outcome_yet+plan_unavailable_native_nan_routing,2024-01-01T00:00:00+00:00,2024-01-01T00:00:00+00:00,1c4f5109597839e232a0f4666443347e3d45075d918f14a6a5c7d292a57d5c0a,a9604f02542bedc616de8c4c53f479ecbd20eabecd9f25c7a134ebe84e06b9eb,7275e08eaf7ed88067f9a8ce63a597e92f6546b0be3987bbf8e1606ec37878cf,"Any forecast issued for a week whose outcome does not yet exist carries no accuracy metric until that outcome is observed (protocol outputs_deferred_to_later_steps.real_future_forecast_caveat). No price/promo plan exists for this week, so price and promo_flag are NaN and the model routes them via HistGradientBoostingRegressor native missing-value handling. Under the frozen protocol's plan_missing_policy such a row would be UNAVAILABLE for any scored set; this forecast is outside the protocol's scored contract."
A,SKU018,105,gradient_boosting,19.394752025141646,19.394752025141646,False,10.0,23.0,20.25,,,forecast_no_outcome_yet+plan_unavailable_native_nan_routing,2024-01-01T00:00:00+00:00,2024-01-01T00:00:00+00:00,1c4f5109597839e232a0f4666443347e3d45075d918f14a6a5c7d292a57d5c0a,a9604f02542bedc616de8c4c53f479ecbd20eabecd9f25c7a134ebe84e06b9eb,7275e08eaf7ed88067f9a8ce63a597e92f6546b0be3987bbf8e1606ec37878cf,"Any forecast issued for a week whose outcome does not yet exist carries no accuracy metric until that outcome is observed (protocol outputs_deferred_to_later_steps.real_future_forecast_caveat). No price/promo plan exists for this week, so price and promo_flag are NaN and the model routes them via HistGradientBoostingRegressor native missing-value handling. Under the frozen protocol's plan_missing_policy such a row would be UNAVAILABLE for any scored set; this forecast is outside the protocol's scored contract."
A,SKU019,105,gradient_boosting,21.920897933221784,21.920897933221784,False,20.0,14.0,22.75,,,forecast_no_outcome_yet+plan_unavailable_native_nan_routing,2024-01-01T00:00:00+00:00,2024-01-01T00:00:00+00:00,1c4f5109597839e232a0f4666443347e3d45075d918f14a6a5c7d292a57d5c0a,a9604f02542bedc616de8c4c53f479ecbd20eabecd9f25c7a134ebe84e06b9eb,7275e08eaf7ed88067f9a8ce63a597e92f6546b0be3987bbf8e1606ec37878cf,"Any forecast issued for a week whose outcome does not yet exist carries no accuracy metric until that outcome is observed (protocol outputs_deferred_to_later_steps.real_future_forecast_caveat). No price/promo plan exists for this week, so price and promo_flag are NaN and the model routes them via HistGradientBoostingRegressor native missing-value handling. Under the frozen protocol's plan_missing_policy such a row would be UNAVAILABLE for any scored set; this forecast is outside the protocol's scored contract."
A,SKU020,105,gradient_boosting,14.733820245787884,14.733820245787884,False,11.0,13.0,14.5,,,forecast_no_outcome_yet+plan_unavailable_native_nan_routing,2024-01-01T00:00:00+00:00,2024-01-01T00:00:00+00:00,1c4f5109597839e232a0f4666443347e3d45075d918f14a6a5c7d292a57d5c0a,a9604f02542bedc616de8c4c53f479ecbd20eabecd9f25c7a134ebe84e06b9eb,7275e08eaf7ed88067f9a8ce63a597e92f6546b0be3987bbf8e1606ec37878cf,"Any forecast issued for a week whose outcome does not yet exist carries no accuracy metric until that outcome is observed (protocol outputs_deferred_to_later_steps.real_future_forecast_caveat). No price/promo plan exists for this week, so price and promo_flag are NaN and the model routes them via HistGradientBoostingRegressor native missing-value handling. Under the frozen protocol's plan_missing_policy such a row would be UNAVAILABLE for any scored set; this forecast is outside the protocol's scored contract."
A,SKU021,105,gradient_boosting,22.08480221827707,22.08480221827707,False,48.0,24.0,21.75,,,forecast_no_outcome_yet+plan_unavailable_native_nan_routing,2024-01-01T00:00:00+00:00,2024-01-01T00:00:00+00:00,1c4f5109597839e232a0f4666443347e3d45075d918f14a6a5c7d292a57d5c0a,a9604f02542bedc616de8c4c53f479ecbd20eabecd9f25c7a134ebe84e06b9eb,7275e08eaf7ed88067f9a8ce63a597e92f6546b0be3987bbf8e1606ec37878cf,"Any forecast issued for a week whose outcome does not yet exist carries no accuracy metric until that outcome is observed (protocol outputs_deferred_to_later_steps.real_future_forecast_caveat). No price/promo plan exists for this week, so price and promo_flag are NaN and the model routes them via HistGradientBoostingRegressor native missing-value handling. Under the frozen protocol's plan_missing_policy such a row would be UNAVAILABLE for any scored set; this forecast is outside the protocol's scored contract."
A,SKU022,105,gradient_boosting,13.855061912535918,13.855061912535918,False,18.0,13.0,15.0,,,forecast_no_outcome_yet+plan_unavailable_native_nan_routing,2024-01-01T00:00:00+00:00,2024-01-01T00:00:00+00:00,1c4f5109597839e232a0f4666443347e3d45075d918f14a6a5c7d292a57d5c0a,a9604f02542bedc616de8c4c53f479ecbd20eabecd9f25c7a134ebe84e06b9eb,7275e08eaf7ed88067f9a8ce63a597e92f6546b0be3987bbf8e1606ec37878cf,"Any forecast issued for a week whose outcome does not yet exist carries no accuracy metric until that outcome is observed (protocol outputs_deferred_to_later_steps.real_future_forecast_caveat). No price/promo plan exists for this week, so price and promo_flag are NaN and the model routes them via HistGradientBoostingRegressor native missing-value handling. Under the frozen protocol's plan_missing_policy such a row would be UNAVAILABLE for any scored set; this forecast is outside the protocol's scored contract."
A,SKU023,105,gradient_boosting,22.6167549996857,22.6167549996857,False,15.0,30.0,19.0,,,forecast_no_outcome_yet+plan_unavailable_native_nan_routing,2024-01-01T00:00:00+00:00,2024-01-01T00:00:00+00:00,1c4f5109597839e232a0f4666443347e3d45075d918f14a6a5c7d292a57d5c0a,a9604f02542bedc616de8c4c53f479ecbd20eabecd9f25c7a134ebe84e06b9eb,7275e08eaf7ed88067f9a8ce63a597e92f6546b0be3987bbf8e1606ec37878cf,"Any forecast issued for a week whose outcome does not yet exist carries no accuracy metric until that outcome is observed (protocol outputs_deferred_to_later_steps.real_future_forecast_caveat). No price/promo plan exists for this week, so price and promo_flag are NaN and the model routes them via HistGradientBoostingRegressor native missing-value handling. Under the frozen protocol's plan_missing_policy such a row would be UNAVAILABLE for any scored set; this forecast is outside the protocol's scored contract."
A,SKU024,105,gradient_boosting,27.69870051645945,27.69870051645945,False,66.0,21.0,31.25,,,forecast_no_outcome_yet+plan_unavailable_native_nan_routing,2024-01-01T00:00:00+00:00,2024-01-01T00:00:00+00:00,1c4f5109597839e232a0f4666443347e3d45075d918f14a6a5c7d292a57d5c0a,a9604f02542bedc616de8c4c53f479ecbd20eabecd9f25c7a134ebe84e06b9eb,7275e08eaf7ed88067f9a8ce63a597e92f6546b0be3987bbf8e1606ec37878cf,"Any forecast issued for a week whose outcome does not yet exist carries no accuracy metric until that outcome is observed (protocol outputs_deferred_to_later_steps.real_future_forecast_caveat). No price/promo plan exists for this week, so price and promo_flag are NaN and the model routes them via HistGradientBoostingRegressor native missing-value handling. Under the frozen protocol's plan_missing_policy such a row would be UNAVAILABLE for any scored set; this forecast is outside the protocol's scored contract."
A,SKU025,105,gradient_boosting,20.033163285687923,20.033163285687923,False,10.0,39.0,16.333333333333332,,,forecast_no_outcome_yet+plan_unavailable_native_nan_routing,2024-01-01T00:00:00+00:00,2024-01-01T00:00:00+00:00,1c4f5109597839e232a0f4666443347e3d45075d918f14a6a5c7d292a57d5c0a,a9604f02542bedc616de8c4c53f479ecbd20eabecd9f25c7a134ebe84e06b9eb,7275e08eaf7ed88067f9a8ce63a597e92f6546b0be3987bbf8e1606ec37878cf,"Any forecast issued for a week whose outcome does not yet exist carries no accuracy metric until that outcome is observed (protocol outputs_deferred_to_later_steps.real_future_forecast_caveat). No price/promo plan exists for this week, so price and promo_flag are NaN and the model routes them via HistGradientBoostingRegressor native missing-value handling. Under the frozen protocol's plan_missing_policy such a row would be UNAVAILABLE for any scored set; this forecast is outside the protocol's scored contract."
A,SKU026,105,gradient_boosting,22.962855324785608,22.962855324785608,False,18.0,20.0,22.0,,,forecast_no_outcome_yet+plan_unavailable_native_nan_routing,2024-01-01T00:00:00+00:00,2024-01-01T00:00:00+00:00,1c4f5109597839e232a0f4666443347e3d45075d918f14a6a5c7d292a57d5c0a,a9604f02542bedc616de8c4c53f479ecbd20eabecd9f25c7a134ebe84e06b9eb,7275e08eaf7ed88067f9a8ce63a597e92f6546b0be3987bbf8e1606ec37878cf,"Any forecast issued for a week whose outcome does not yet exist carries no accuracy metric until that outcome is observed (protocol outputs_deferred_to_later_steps.real_future_forecast_caveat). No price/promo plan exists for this week, so price and promo_flag are NaN and the model routes them via HistGradientBoostingRegressor native missing-value handling. Under the frozen protocol's plan_missing_policy such a row would be UNAVAILABLE for any scored set; this forecast is outside the protocol's scored contract."
A,SKU027,105,gradient_boosting,27.649845874642242,27.649845874642242,False,17.0,22.0,28.25,,,forecast_no_outcome_yet+plan_unavailable_native_nan_routing,2024-01-01T00:00:00+00:00,2024-01-01T00:00:00+00:00,1c4f5109597839e232a0f4666443347e3d45075d918f14a6a5c7d292a57d5c0a,a9604f02542bedc616de8c4c53f479ecbd20eabecd9f25c7a134ebe84e06b9eb,7275e08eaf7ed88067f9a8ce63a597e92f6546b0be3987bbf8e1606ec37878cf,"Any forecast issued for a week whose outcome does not yet exist carries no accuracy metric until that outcome is observed (protocol outputs_deferred_to_later_steps.real_future_forecast_caveat). No price/promo plan exists for this week, so price and promo_flag are NaN and the model routes them via HistGradientBoostingRegressor native missing-value handling. Under the frozen protocol's plan_missing_policy such a row would be UNAVAILABLE for any scored set; this forecast is outside the protocol's scored contract."
A,SKU028,105,gradient_boosting,13.528320880348744,13.528320880348744,False,15.0,12.0,9.75,,,forecast_no_outcome_yet+plan_unavailable_native_nan_routing,2024-01-01T00:00:00+00:00,2024-01-01T00:00:00+00:00,1c4f5109597839e232a0f4666443347e3d45075d918f14a6a5c7d292a57d5c0a,a9604f02542bedc616de8c4c53f479ecbd20eabecd9f25c7a134ebe84e06b9eb,7275e08eaf7ed88067f9a8ce63a597e92f6546b0be3987bbf8e1606ec37878cf,"Any forecast issued for a week whose outcome does not yet exist carries no accuracy metric until that outcome is observed (protocol outputs_deferred_to_later_steps.real_future_forecast_caveat). No price/promo plan exists for this week, so price and promo_flag are NaN and the model routes them via HistGradientBoostingRegressor native missing-value handling. Under the frozen protocol's plan_missing_policy such a row would be UNAVAILABLE for any scored set; this forecast is outside the protocol's scored contract."
A,SKU029,105,gradient_boosting,31.96713843857377,31.96713843857377,False,29.0,42.0,23.25,,,forecast_no_outcome_yet+plan_unavailable_native_nan_routing,2024-01-01T00:00:00+00:00,2024-01-01T00:00:00+00:00,1c4f5109597839e232a0f4666443347e3d45075d918f14a6a5c7d292a57d5c0a,a9604f02542bedc616de8c4c53f479ecbd20eabecd9f25c7a134ebe84e06b9eb,7275e08eaf7ed88067f9a8ce63a597e92f6546b0be3987bbf8e1606ec37878cf,"Any forecast issued for a week whose outcome does not yet exist carries no accuracy metric until that outcome is observed (protocol outputs_deferred_to_later_steps.real_future_forecast_caveat). No price/promo plan exists for this week, so price and promo_flag are NaN and the model routes them via HistGradientBoostingRegressor native missing-value handling. Under the frozen protocol's plan_missing_policy such a row would be UNAVAILABLE for any scored set; this forecast is outside the protocol's scored contract."
A,SKU030,105,gradient_boosting,11.752572496972704,11.752572496972704,False,7.0,10.0,8.75,,,forecast_no_outcome_yet+plan_unavailable_native_nan_routing,2024-01-01T00:00:00+00:00,2024-01-01T00:00:00+00:00,1c4f5109597839e232a0f4666443347e3d45075d918f14a6a5c7d292a57d5c0a,a9604f02542bedc616de8c4c53f479ecbd20eabecd9f25c7a134ebe84e06b9eb,7275e08eaf7ed88067f9a8ce63a597e92f6546b0be3987bbf8e1606ec37878cf,"Any forecast issued for a week whose outcome does not yet exist carries no accuracy metric until that outcome is observed (protocol outputs_deferred_to_later_steps.real_future_forecast_caveat). No price/promo plan exists for this week, so price and promo_flag are NaN and the model routes them via HistGradientBoostingRegressor native missing-value handling. Under the frozen protocol's plan_missing_policy such a row would be UNAVAILABLE for any scored set; this forecast is outside the protocol's scored contract."
B,SKU001,105,gradient_boosting,25.823263404953654,25.823263404953654,False,58.0,35.0,36.0,,,forecast_no_outcome_yet+plan_unavailable_native_nan_routing,2024-01-01T00:00:00+00:00,2024-01-01T00:00:00+00:00,1c4f5109597839e232a0f4666443347e3d45075d918f14a6a5c7d292a57d5c0a,a9604f02542bedc616de8c4c53f479ecbd20eabecd9f25c7a134ebe84e06b9eb,7275e08eaf7ed88067f9a8ce63a597e92f6546b0be3987bbf8e1606ec37878cf,"Any forecast issued for a week whose outcome does not yet exist carries no accuracy metric until that outcome is observed (protocol outputs_deferred_to_later_steps.real_future_forecast_caveat). No price/promo plan exists for this week, so price and promo_flag are NaN and the model routes them via HistGradientBoostingRegressor native missing-value handling. Under the frozen protocol's plan_missing_policy such a row would be UNAVAILABLE for any scored set; this forecast is outside the protocol's scored contract."
B,SKU002,105,gradient_boosting,25.337802423509387,25.337802423509387,False,12.0,,20.5,,,forecast_no_outcome_yet+plan_unavailable_native_nan_routing,2024-01-01T00:00:00+00:00,2024-01-01T00:00:00+00:00,1c4f5109597839e232a0f4666443347e3d45075d918f14a6a5c7d292a57d5c0a,a9604f02542bedc616de8c4c53f479ecbd20eabecd9f25c7a134ebe84e06b9eb,7275e08eaf7ed88067f9a8ce63a597e92f6546b0be3987bbf8e1606ec37878cf,"Any forecast issued for a week whose outcome does not yet exist carries no accuracy metric until that outcome is observed (protocol outputs_deferred_to_later_steps.real_future_forecast_caveat). No price/promo plan exists for this week, so price and promo_flag are NaN and the model routes them via HistGradientBoostingRegressor native missing-value handling. Under the frozen protocol's plan_missing_policy such a row would be UNAVAILABLE for any scored set; this forecast is outside the protocol's scored contract."
B,SKU003,105,gradient_boosting,13.734170167318439,13.734170167318439,False,10.0,22.0,9.75,,,forecast_no_outcome_yet+plan_unavailable_native_nan_routing,2024-01-01T00:00:00+00:00,2024-01-01T00:00:00+00:00,1c4f5109597839e232a0f4666443347e3d45075d918f14a6a5c7d292a57d5c0a,a9604f02542bedc616de8c4c53f479ecbd20eabecd9f25c7a134ebe84e06b9eb,7275e08eaf7ed88067f9a8ce63a597e92f6546b0be3987bbf8e1606ec37878cf,"Any forecast issued for a week whose outcome does not yet exist carries no accuracy metric until that outcome is observed (protocol outputs_deferred_to_later_steps.real_future_forecast_caveat). No price/promo plan exists for this week, so price and promo_flag are NaN and the model routes them via HistGradientBoostingRegressor native missing-value handling. Under the frozen protocol's plan_missing_policy such a row would be UNAVAILABLE for any scored set; this forecast is outside the protocol's scored contract."
B,SKU004,105,gradient_boosting,35.9507212935678,35.9507212935678,False,18.0,20.0,47.0,,,forecast_no_outcome_yet+plan_unavailable_native_nan_routing,2024-01-01T00:00:00+00:00,2024-01-01T00:00:00+00:00,1c4f5109597839e232a0f4666443347e3d45075d918f14a6a5c7d292a57d5c0a,a9604f02542bedc616de8c4c53f479ecbd20eabecd9f25c7a134ebe84e06b9eb,7275e08eaf7ed88067f9a8ce63a597e92f6546b0be3987bbf8e1606ec37878cf,"Any forecast issued for a week whose outcome does not yet exist carries no accuracy metric until that outcome is observed (protocol outputs_deferred_to_later_steps.real_future_forecast_caveat). No price/promo plan exists for this week, so price and promo_flag are NaN and the model routes them via HistGradientBoostingRegressor native missing-value handling. Under the frozen protocol's plan_missing_policy such a row would be UNAVAILABLE for any scored set; this forecast is outside the protocol's scored contract."
B,SKU005,105,gradient_boosting,11.602575098448991,11.602575098448991,False,7.0,15.0,7.25,,,forecast_no_outcome_yet+plan_unavailable_native_nan_routing,2024-01-01T00:00:00+00:00,2024-01-01T00:00:00+00:00,1c4f5109597839e232a0f4666443347e3d45075d918f14a6a5c7d292a57d5c0a,a9604f02542bedc616de8c4c53f479ecbd20eabecd9f25c7a134ebe84e06b9eb,7275e08eaf7ed88067f9a8ce63a597e92f6546b0be3987bbf8e1606ec37878cf,"Any forecast issued for a week whose outcome does not yet exist carries no accuracy metric until that outcome is observed (protocol outputs_deferred_to_later_steps.real_future_forecast_caveat). No price/promo plan exists for this week, so price and promo_flag are NaN and the model routes them via HistGradientBoostingRegressor native missing-value handling. Under the frozen protocol's plan_missing_policy such a row would be UNAVAILABLE for any scored set; this forecast is outside the protocol's scored contract."
B,SKU006,105,gradient_boosting,14.050060882086898,14.050060882086898,False,8.0,16.0,8.0,,,forecast_no_outcome_yet+plan_unavailable_native_nan_routing,2024-01-01T00:00:00+00:00,2024-01-01T00:00:00+00:00,1c4f5109597839e232a0f4666443347e3d45075d918f14a6a5c7d292a57d5c0a,a9604f02542bedc616de8c4c53f479ecbd20eabecd9f25c7a134ebe84e06b9eb,7275e08eaf7ed88067f9a8ce63a597e92f6546b0be3987bbf8e1606ec37878cf,"Any forecast issued for a week whose outcome does not yet exist carries no accuracy metric until that outcome is observed (protocol outputs_deferred_to_later_steps.real_future_forecast_caveat). No price/promo plan exists for this week, so price and promo_flag are NaN and the model routes them via HistGradientBoostingRegressor native missing-value handling. Under the frozen protocol's plan_missing_policy such a row would be UNAVAILABLE for any scored set; this forecast is outside the protocol's scored contract."
B,SKU007,105,gradient_boosting,22.634128038658694,22.634128038658694,False,25.0,13.0,21.5,,,forecast_no_outcome_yet+plan_unavailable_native_nan_routing,2024-01-01T00:00:00+00:00,2024-01-01T00:00:00+00:00,1c4f5109597839e232a0f4666443347e3d45075d918f14a6a5c7d292a57d5c0a,a9604f02542bedc616de8c4c53f479ecbd20eabecd9f25c7a134ebe84e06b9eb,7275e08eaf7ed88067f9a8ce63a597e92f6546b0be3987bbf8e1606ec37878cf,"Any forecast issued for a week whose outcome does not yet exist carries no accuracy metric until that outcome is observed (protocol outputs_deferred_to_later_steps.real_future_forecast_caveat). No price/promo plan exists for this week, so price and promo_flag are NaN and the model routes them via HistGradientBoostingRegressor native missing-value handling. Under the frozen protocol's plan_missing_policy such a row would be UNAVAILABLE for any scored set; this forecast is outside the protocol's scored contract."
B,SKU008,105,gradient_boosting,14.959360444043035,14.959360444043035,False,14.0,14.0,20.0,,,forecast_no_outcome_yet+plan_unavailable_native_nan_routing,2024-01-01T00:00:00+00:00,2024-01-01T00:00:00+00:00,1c4f5109597839e232a0f4666443347e3d45075d918f14a6a5c7d292a57d5c0a,a9604f02542bedc616de8c4c53f479ecbd20eabecd9f25c7a134ebe84e06b9eb,7275e08eaf7ed88067f9a8ce63a597e92f6546b0be3987bbf8e1606ec37878cf,"Any forecast issued for a week whose outcome does not yet exist carries no accuracy metric until that outcome is observed (protocol outputs_deferred_to_later_steps.real_future_forecast_caveat). No price/promo plan exists for this week, so price and promo_flag are NaN and the model routes them via HistGradientBoostingRegressor native missing-value handling. Under the frozen protocol's plan_missing_policy such a row would be UNAVAILABLE for any scored set; this forecast is outside the protocol's scored contract."
B,SKU009,105,gradient_boosting,13.163951220028826,13.163951220028826,False,16.0,14.0,13.5,,,forecast_no_outcome_yet+plan_unavailable_native_nan_routing,2024-01-01T00:00:00+00:00,2024-01-01T00:00:00+00:00,1c4f5109597839e232a0f4666443347e3d45075d918f14a6a5c7d292a57d5c0a,a9604f02542bedc616de8c4c53f479ecbd20eabecd9f25c7a134ebe84e06b9eb,7275e08eaf7ed88067f9a8ce63a597e92f6546b0be3987bbf8e1606ec37878cf,"Any forecast issued for a week whose outcome does not yet exist carries no accuracy metric until that outcome is observed (protocol outputs_deferred_to_later_steps.real_future_forecast_caveat). No price/promo plan exists for this week, so price and promo_flag are NaN and the model routes them via HistGradientBoostingRegressor native missing-value handling. Under the frozen protocol's plan_missing_policy such a row would be UNAVAILABLE for any scored set; this forecast is outside the protocol's scored contract."
B,SKU010,105,gradient_boosting,23.45762617156944,23.45762617156944,False,23.0,25.0,22.75,,,forecast_no_outcome_yet+plan_unavailable_native_nan_routing,2024-01-01T00:00:00+00:00,2024-01-01T00:00:00+00:00,1c4f5109597839e232a0f4666443347e3d45075d918f14a6a5c7d292a57d5c0a,a9604f02542bedc616de8c4c53f479ecbd20eabecd9f25c7a134ebe84e06b9eb,7275e08eaf7ed88067f9a8ce63a597e92f6546b0be3987bbf8e1606ec37878cf,"Any forecast issued for a week whose outcome does not yet exist carries no accuracy metric until that outcome is observed (protocol outputs_deferred_to_later_steps.real_future_forecast_caveat). No price/promo plan exists for this week, so price and promo_flag are NaN and the model routes them via HistGradientBoostingRegressor native missing-value handling. Under the frozen protocol's plan_missing_policy such a row would be UNAVAILABLE for any scored set; this forecast is outside the protocol's scored contract."
B,SKU011,105,gradient_boosting,21.85280005160144,21.85280005160144,False,19.0,11.0,28.75,,,forecast_no_outcome_yet+plan_unavailable_native_nan_routing,2024-01-01T00:00:00+00:00,2024-01-01T00:00:00+00:00,1c4f5109597839e232a0f4666443347e3d45075d918f14a6a5c7d292a57d5c0a,a9604f02542bedc616de8c4c53f479ecbd20eabecd9f25c7a134ebe84e06b9eb,7275e08eaf7ed88067f9a8ce63a597e92f6546b0be3987bbf8e1606ec37878cf,"Any forecast issued for a week whose outcome does not yet exist carries no accuracy metric until that outcome is observed (protocol outputs_deferred_to_later_steps.real_future_forecast_caveat). No price/promo plan exists for this week, so price and promo_flag are NaN and the model routes them via HistGradientBoostingRegressor native missing-value handling. Under the frozen protocol's plan_missing_policy such a row would be UNAVAILABLE for any scored set; this forecast is outside the protocol's scored contract."
B,SKU012,105,gradient_boosting,35.49385973872299,35.49385973872299,False,49.0,31.0,39.5,,,forecast_no_outcome_yet+plan_unavailable_native_nan_routing,2024-01-01T00:00:00+00:00,2024-01-01T00:00:00+00:00,1c4f5109597839e232a0f4666443347e3d45075d918f14a6a5c7d292a57d5c0a,a9604f02542bedc616de8c4c53f479ecbd20eabecd9f25c7a134ebe84e06b9eb,7275e08eaf7ed88067f9a8ce63a597e92f6546b0be3987bbf8e1606ec37878cf,"Any forecast issued for a week whose outcome does not yet exist carries no accuracy metric until that outcome is observed (protocol outputs_deferred_to_later_steps.real_future_forecast_caveat). No price/promo plan exists for this week, so price and promo_flag are NaN and the model routes them via HistGradientBoostingRegressor native missing-value handling. Under the frozen protocol's plan_missing_policy such a row would be UNAVAILABLE for any scored set; this forecast is outside the protocol's scored contract."
B,SKU013,105,gradient_boosting,14.414823847822483,14.414823847822483,False,7.0,14.0,11.5,,,forecast_no_outcome_yet+plan_unavailable_native_nan_routing,2024-01-01T00:00:00+00:00,2024-01-01T00:00:00+00:00,1c4f5109597839e232a0f4666443347e3d45075d918f14a6a5c7d292a57d5c0a,a9604f02542bedc616de8c4c53f479ecbd20eabecd9f25c7a134ebe84e06b9eb,7275e08eaf7ed88067f9a8ce63a597e92f6546b0be3987bbf8e1606ec37878cf,"Any forecast issued for a week whose outcome does not yet exist carries no accuracy metric until that outcome is observed (protocol outputs_deferred_to_later_steps.real_future_forecast_caveat). No price/promo plan exists for this week, so price and promo_flag are NaN and the model routes them via HistGradientBoostingRegressor native missing-value handling. Under the frozen protocol's plan_missing_policy such a row would be UNAVAILABLE for any scored set; this forecast is outside the protocol's scored contract."
B,SKU014,105,gradient_boosting,15.759756489120704,15.759756489120704,False,7.0,10.0,18.25,,,forecast_no_outcome_yet+plan_unavailable_native_nan_routing,2024-01-01T00:00:00+00:00,2024-01-01T00:00:00+00:00,1c4f5109597839e232a0f4666443347e3d45075d918f14a6a5c7d292a57d5c0a,a9604f02542bedc616de8c4c53f479ecbd20eabecd9f25c7a134ebe84e06b9eb,7275e08eaf7ed88067f9a8ce63a597e92f6546b0be3987bbf8e1606ec37878cf,"Any forecast issued for a week whose outcome does not yet exist carries no accuracy metric until that outcome is observed (protocol outputs_deferred_to_later_steps.real_future_forecast_caveat). No price/promo plan exists for this week, so price and promo_flag are NaN and the model routes them via HistGradientBoostingRegressor native missing-value handling. Under the frozen protocol's plan_missing_policy such a row would be UNAVAILABLE for any scored set; this forecast is outside the protocol's scored contract."
B,SKU015,105,gradient_boosting,27.189362834451977,27.189362834451977,False,44.0,38.0,33.333333333333336,,,forecast_no_outcome_yet+plan_unavailable_native_nan_routing,2024-01-01T00:00:00+00:00,2024-01-01T00:00:00+00:00,1c4f5109597839e232a0f4666443347e3d45075d918f14a6a5c7d292a57d5c0a,a9604f02542bedc616de8c4c53f479ecbd20eabecd9f25c7a134ebe84e06b9eb,7275e08eaf7ed88067f9a8ce63a597e92f6546b0be3987bbf8e1606ec37878cf,"Any forecast issued for a week whose outcome does not yet exist carries no accuracy metric until that outcome is observed (protocol outputs_deferred_to_later_steps.real_future_forecast_caveat). No price/promo plan exists for this week, so price and promo_flag are NaN and the model routes them via HistGradientBoostingRegressor native missing-value handling. Under the frozen protocol's plan_missing_policy such a row would be UNAVAILABLE for any scored set; this forecast is outside the protocol's scored contract."
B,SKU016,105,gradient_boosting,21.57041483240235,21.57041483240235,False,32.0,10.0,23.25,,,forecast_no_outcome_yet+plan_unavailable_native_nan_routing,2024-01-01T00:00:00+00:00,2024-01-01T00:00:00+00:00,1c4f5109597839e232a0f4666443347e3d45075d918f14a6a5c7d292a57d5c0a,a9604f02542bedc616de8c4c53f479ecbd20eabecd9f25c7a134ebe84e06b9eb,7275e08eaf7ed88067f9a8ce63a597e92f6546b0be3987bbf8e1606ec37878cf,"Any forecast issued for a week whose outcome does not yet exist carries no accuracy metric until that outcome is observed (protocol outputs_deferred_to_later_steps.real_future_forecast_caveat). No price/promo plan exists for this week, so price and promo_flag are NaN and the model routes them via HistGradientBoostingRegressor native missing-value handling. Under the frozen protocol's plan_missing_policy such a row would be UNAVAILABLE for any scored set; this forecast is outside the protocol's scored contract."
B,SKU017,105,gradient_boosting,29.693944033918438,29.693944033918438,False,17.0,11.0,26.5,,,forecast_no_outcome_yet+plan_unavailable_native_nan_routing,2024-01-01T00:00:00+00:00,2024-01-01T00:00:00+00:00,1c4f5109597839e232a0f4666443347e3d45075d918f14a6a5c7d292a57d5c0a,a9604f02542bedc616de8c4c53f479ecbd20eabecd9f25c7a134ebe84e06b9eb,7275e08eaf7ed88067f9a8ce63a597e92f6546b0be3987bbf8e1606ec37878cf,"Any forecast issued for a week whose outcome does not yet exist carries no accuracy metric until that outcome is observed (protocol outputs_deferred_to_later_steps.real_future_forecast_caveat). No price/promo plan exists for this week, so price and promo_flag are NaN and the model routes them via HistGradientBoostingRegressor native missing-value handling. Under the frozen protocol's plan_missing_policy such a row would be UNAVAILABLE for any scored set; this forecast is outside the protocol's scored contract."
B,SKU018,105,gradient_boosting,15.390317159532373,15.390317159532373,False,26.0,21.0,14.25,,,forecast_no_outcome_yet+plan_unavailable_native_nan_routing,2024-01-01T00:00:00+00:00,2024-01-01T00:00:00+00:00,1c4f5109597839e232a0f4666443347e3d45075d918f14a6a5c7d292a57d5c0a,a9604f02542bedc616de8c4c53f479ecbd20eabecd9f25c7a134ebe84e06b9eb,7275e08eaf7ed88067f9a8ce63a597e92f6546b0be3987bbf8e1606ec37878cf,"Any forecast issued for a week whose outcome does not yet exist carries no accuracy metric until that outcome is observed (protocol outputs_deferred_to_later_steps.real_future_forecast_caveat). No price/promo plan exists for this week, so price and promo_flag are NaN and the model routes them via HistGradientBoostingRegressor native missing-value handling. Under the frozen protocol's plan_missing_policy such a row would be UNAVAILABLE for any scored set; this forecast is outside the protocol's scored contract."
B,SKU019,105,gradient_boosting,19.602018951698685,19.602018951698685,False,14.0,30.0,19.25,,,forecast_no_outcome_yet+plan_unavailable_native_nan_routing,2024-01-01T00:00:00+00:00,2024-01-01T00:00:00+00:00,1c4f5109597839e232a0f4666443347e3d45075d918f14a6a5c7d292a57d5c0a,a9604f02542bedc616de8c4c53f479ecbd20eabecd9f25c7a134ebe84e06b9eb,7275e08eaf7ed88067f9a8ce63a597e92f6546b0be3987bbf8e1606ec37878cf,"Any forecast issued for a week whose outcome does not yet exist carries no accuracy metric until that outcome is observed (protocol outputs_deferred_to_later_steps.real_future_forecast_caveat). No price/promo plan exists for this week, so price and promo_flag are NaN and the model routes them via HistGradientBoostingRegressor native missing-value handling. Under the frozen protocol's plan_missing_policy such a row would be UNAVAILABLE for any scored set; this forecast is outside the protocol's scored contract."
B,SKU020,105,gradient_boosting,12.299151176708833,12.299151176708833,False,6.0,16.0,11.25,,,forecast_no_outcome_yet+plan_unavailable_native_nan_routing,2024-01-01T00:00:00+00:00,2024-01-01T00:00:00+00:00,1c4f5109597839e232a0f4666443347e3d45075d918f14a6a5c7d292a57d5c0a,a9604f02542bedc616de8c4c53f479ecbd20eabecd9f25c7a134ebe84e06b9eb,7275e08eaf7ed88067f9a8ce63a597e92f6546b0be3987bbf8e1606ec37878cf,"Any forecast issued for a week whose outcome does not yet exist carries no accuracy metric until that outcome is observed (protocol outputs_deferred_to_later_steps.real_future_forecast_caveat). No price/promo plan exists for this week, so price and promo_flag are NaN and the model routes them via HistGradientBoostingRegressor native missing-value handling. Under the frozen protocol's plan_missing_policy such a row would be UNAVAILABLE for any scored set; this forecast is outside the protocol's scored contract."
B,SKU021,105,gradient_boosting,17.029984331073543,17.029984331073543,False,21.0,17.0,20.75,,,forecast_no_outcome_yet+plan_unavailable_native_nan_routing,2024-01-01T00:00:00+00:00,2024-01-01T00:00:00+00:00,1c4f5109597839e232a0f4666443347e3d45075d918f14a6a5c7d292a57d5c0a,a9604f02542bedc616de8c4c53f479ecbd20eabecd9f25c7a134ebe84e06b9eb,7275e08eaf7ed88067f9a8ce63a597e92f6546b0be3987bbf8e1606ec37878cf,"Any forecast issued for a week whose outcome does not yet exist carries no accuracy metric until that outcome is observed (protocol outputs_deferred_to_later_steps.real_future_forecast_caveat). No price/promo plan exists for this week, so price and promo_flag are NaN and the model routes them via HistGradientBoostingRegressor native missing-value handling. Under the frozen protocol's plan_missing_policy such a row would be UNAVAILABLE for any scored set; this forecast is outside the protocol's scored contract."
B,SKU022,105,gradient_boosting,11.965728546041143,11.965728546041143,False,18.0,11.0,9.25,,,forecast_no_outcome_yet+plan_unavailable_native_nan_routing,2024-01-01T00:00:00+00:00,2024-01-01T00:00:00+00:00,1c4f5109597839e232a0f4666443347e3d45075d918f14a6a5c7d292a57d5c0a,a9604f02542bedc616de8c4c53f479ecbd20eabecd9f25c7a134ebe84e06b9eb,7275e08eaf7ed88067f9a8ce63a597e92f6546b0be3987bbf8e1606ec37878cf,"Any forecast issued for a week whose outcome does not yet exist carries no accuracy metric until that outcome is observed (protocol outputs_deferred_to_later_steps.real_future_forecast_caveat). No price/promo plan exists for this week, so price and promo_flag are NaN and the model routes them via HistGradientBoostingRegressor native missing-value handling. Under the frozen protocol's plan_missing_policy such a row would be UNAVAILABLE for any scored set; this forecast is outside the protocol's scored contract."
B,SKU023,105,gradient_boosting,17.3276689143098,17.3276689143098,False,5.0,28.0,16.25,,,forecast_no_outcome_yet+plan_unavailable_native_nan_routing,2024-01-01T00:00:00+00:00,2024-01-01T00:00:00+00:00,1c4f5109597839e232a0f4666443347e3d45075d918f14a6a5c7d292a57d5c0a,a9604f02542bedc616de8c4c53f479ecbd20eabecd9f25c7a134ebe84e06b9eb,7275e08eaf7ed88067f9a8ce63a597e92f6546b0be3987bbf8e1606ec37878cf,"Any forecast issued for a week whose outcome does not yet exist carries no accuracy metric until that outcome is observed (protocol outputs_deferred_to_later_steps.real_future_forecast_caveat). No price/promo plan exists for this week, so price and promo_flag are NaN and the model routes them via HistGradientBoostingRegressor native missing-value handling. Under the frozen protocol's plan_missing_policy such a row would be UNAVAILABLE for any scored set; this forecast is outside the protocol's scored contract."
B,SKU024,105,gradient_boosting,30.258781674843366,30.258781674843366,False,25.0,54.0,22.25,,,forecast_no_outcome_yet+plan_unavailable_native_nan_routing,2024-01-01T00:00:00+00:00,2024-01-01T00:00:00+00:00,1c4f5109597839e232a0f4666443347e3d45075d918f14a6a5c7d292a57d5c0a,a9604f02542bedc616de8c4c53f479ecbd20eabecd9f25c7a134ebe84e06b9eb,7275e08eaf7ed88067f9a8ce63a597e92f6546b0be3987bbf8e1606ec37878cf,"Any forecast issued for a week whose outcome does not yet exist carries no accuracy metric until that outcome is observed (protocol outputs_deferred_to_later_steps.real_future_forecast_caveat). No price/promo plan exists for this week, so price and promo_flag are NaN and the model routes them via HistGradientBoostingRegressor native missing-value handling. Under the frozen protocol's plan_missing_policy such a row would be UNAVAILABLE for any scored set; this forecast is outside the protocol's scored contract."
B,SKU025,105,gradient_boosting,16.048982682008834,16.048982682008834,False,10.0,21.0,12.75,,,forecast_no_outcome_yet+plan_unavailable_native_nan_routing,2024-01-01T00:00:00+00:00,2024-01-01T00:00:00+00:00,1c4f5109597839e232a0f4666443347e3d45075d918f14a6a5c7d292a57d5c0a,a9604f02542bedc616de8c4c53f479ecbd20eabecd9f25c7a134ebe84e06b9eb,7275e08eaf7ed88067f9a8ce63a597e92f6546b0be3987bbf8e1606ec37878cf,"Any forecast issued for a week whose outcome does not yet exist carries no accuracy metric until that outcome is observed (protocol outputs_deferred_to_later_steps.real_future_forecast_caveat). No price/promo plan exists for this week, so price and promo_flag are NaN and the model routes them via HistGradientBoostingRegressor native missing-value handling. Under the frozen protocol's plan_missing_policy such a row would be UNAVAILABLE for any scored set; this forecast is outside the protocol's scored contract."
B,SKU026,105,gradient_boosting,15.396867211514284,15.396867211514284,False,16.0,15.0,19.75,,,forecast_no_outcome_yet+plan_unavailable_native_nan_routing,2024-01-01T00:00:00+00:00,2024-01-01T00:00:00+00:00,1c4f5109597839e232a0f4666443347e3d45075d918f14a6a5c7d292a57d5c0a,a9604f02542bedc616de8c4c53f479ecbd20eabecd9f25c7a134ebe84e06b9eb,7275e08eaf7ed88067f9a8ce63a597e92f6546b0be3987bbf8e1606ec37878cf,"Any forecast issued for a week whose outcome does not yet exist carries no accuracy metric until that outcome is observed (protocol outputs_deferred_to_later_steps.real_future_forecast_caveat). No price/promo plan exists for this week, so price and promo_flag are NaN and the model routes them via HistGradientBoostingRegressor native missing-value handling. Under the frozen protocol's plan_missing_policy such a row would be UNAVAILABLE for any scored set; this forecast is outside the protocol's scored contract."
B,SKU027,105,gradient_boosting,17.33455247477885,17.33455247477885,False,10.0,16.0,12.0,,,forecast_no_outcome_yet+plan_unavailable_native_nan_routing,2024-01-01T00:00:00+00:00,2024-01-01T00:00:00+00:00,1c4f5109597839e232a0f4666443347e3d45075d918f14a6a5c7d292a57d5c0a,a9604f02542bedc616de8c4c53f479ecbd20eabecd9f25c7a134ebe84e06b9eb,7275e08eaf7ed88067f9a8ce63a597e92f6546b0be3987bbf8e1606ec37878cf,"Any forecast issued for a week whose outcome does not yet exist carries no accuracy metric until that outcome is observed (protocol outputs_deferred_to_later_steps.real_future_forecast_caveat). No price/promo plan exists for this week, so price and promo_flag are NaN and the model routes them via HistGradientBoostingRegressor native missing-value handling. Under the frozen protocol's plan_missing_policy such a row would be UNAVAILABLE for any scored set; this forecast is outside the protocol's scored contract."
B,SKU028,105,gradient_boosting,14.372734655575693,14.372734655575693,False,14.0,15.0,15.25,,,forecast_no_outcome_yet+plan_unavailable_native_nan_routing,2024-01-01T00:00:00+00:00,2024-01-01T00:00:00+00:00,1c4f5109597839e232a0f4666443347e3d45075d918f14a6a5c7d292a57d5c0a,a9604f02542bedc616de8c4c53f479ecbd20eabecd9f25c7a134ebe84e06b9eb,7275e08eaf7ed88067f9a8ce63a597e92f6546b0be3987bbf8e1606ec37878cf,"Any forecast issued for a week whose outcome does not yet exist carries no accuracy metric until that outcome is observed (protocol outputs_deferred_to_later_steps.real_future_forecast_caveat). No price/promo plan exists for this week, so price and promo_flag are NaN and the model routes them via HistGradientBoostingRegressor native missing-value handling. Under the frozen protocol's plan_missing_policy such a row would be UNAVAILABLE for any scored set; this forecast is outside the protocol's scored contract."
B,SKU029,105,gradient_boosting,27.820401124307956,27.820401124307956,False,27.0,32.0,29.0,,,forecast_no_outcome_yet+plan_unavailable_native_nan_routing,2024-01-01T00:00:00+00:00,2024-01-01T00:00:00+00:00,1c4f5109597839e232a0f4666443347e3d45075d918f14a6a5c7d292a57d5c0a,a9604f02542bedc616de8c4c53f479ecbd20eabecd9f25c7a134ebe84e06b9eb,7275e08eaf7ed88067f9a8ce63a597e92f6546b0be3987bbf8e1606ec37878cf,"Any forecast issued for a week whose outcome does not yet exist carries no accuracy metric until that outcome is observed (protocol outputs_deferred_to_later_steps.real_future_forecast_caveat). No price/promo plan exists for this week, so price and promo_flag are NaN and the model routes them via HistGradientBoostingRegressor native missing-value handling. Under the frozen protocol's plan_missing_policy such a row would be UNAVAILABLE for any scored set; this forecast is outside the protocol's scored contract."
B,SKU030,105,gradient_boosting,12.394029603399895,12.394029603399895,False,22.0,8.0,11.0,,,forecast_no_outcome_yet+plan_unavailable_native_nan_routing,2024-01-01T00:00:00+00:00,2024-01-01T00:00:00+00:00,1c4f5109597839e232a0f4666443347e3d45075d918f14a6a5c7d292a57d5c0a,a9604f02542bedc616de8c4c53f479ecbd20eabecd9f25c7a134ebe84e06b9eb,7275e08eaf7ed88067f9a8ce63a597e92f6546b0be3987bbf8e1606ec37878cf,"Any forecast issued for a week whose outcome does not yet exist carries no accuracy metric until that outcome is observed (protocol outputs_deferred_to_later_steps.real_future_forecast_caveat). No price/promo plan exists for this week, so price and promo_flag are NaN and the model routes them via HistGradientBoostingRegressor native missing-value handling. Under the frozen protocol's plan_missing_policy such a row would be UNAVAILABLE for any scored set; this forecast is outside the protocol's scored contract."
C,SKU001,105,gradient_boosting,30.831189124600023,30.831189124600023,False,56.0,36.0,30.0,,,forecast_no_outcome_yet+plan_unavailable_native_nan_routing,2024-01-01T00:00:00+00:00,2024-01-01T00:00:00+00:00,1c4f5109597839e232a0f4666443347e3d45075d918f14a6a5c7d292a57d5c0a,a9604f02542bedc616de8c4c53f479ecbd20eabecd9f25c7a134ebe84e06b9eb,7275e08eaf7ed88067f9a8ce63a597e92f6546b0be3987bbf8e1606ec37878cf,"Any forecast issued for a week whose outcome does not yet exist carries no accuracy metric until that outcome is observed (protocol outputs_deferred_to_later_steps.real_future_forecast_caveat). No price/promo plan exists for this week, so price and promo_flag are NaN and the model routes them via HistGradientBoostingRegressor native missing-value handling. Under the frozen protocol's plan_missing_policy such a row would be UNAVAILABLE for any scored set; this forecast is outside the protocol's scored contract."
C,SKU002,105,gradient_boosting,34.10603791469921,34.10603791469921,False,49.0,39.0,40.5,,,forecast_no_outcome_yet+plan_unavailable_native_nan_routing,2024-01-01T00:00:00+00:00,2024-01-01T00:00:00+00:00,1c4f5109597839e232a0f4666443347e3d45075d918f14a6a5c7d292a57d5c0a,a9604f02542bedc616de8c4c53f479ecbd20eabecd9f25c7a134ebe84e06b9eb,7275e08eaf7ed88067f9a8ce63a597e92f6546b0be3987bbf8e1606ec37878cf,"Any forecast issued for a week whose outcome does not yet exist carries no accuracy metric until that outcome is observed (protocol outputs_deferred_to_later_steps.real_future_forecast_caveat). No price/promo plan exists for this week, so price and promo_flag are NaN and the model routes them via HistGradientBoostingRegressor native missing-value handling. Under the frozen protocol's plan_missing_policy such a row would be UNAVAILABLE for any scored set; this forecast is outside the protocol's scored contract."
C,SKU003,105,gradient_boosting,12.175686357860643,12.175686357860643,False,9.0,18.0,7.5,,,forecast_no_outcome_yet+plan_unavailable_native_nan_routing,2024-01-01T00:00:00+00:00,2024-01-01T00:00:00+00:00,1c4f5109597839e232a0f4666443347e3d45075d918f14a6a5c7d292a57d5c0a,a9604f02542bedc616de8c4c53f479ecbd20eabecd9f25c7a134ebe84e06b9eb,7275e08eaf7ed88067f9a8ce63a597e92f6546b0be3987bbf8e1606ec37878cf,"Any forecast issued for a week whose outcome does not yet exist carries no accuracy metric until that outcome is observed (protocol outputs_deferred_to_later_steps.real_future_forecast_caveat). No price/promo plan exists for this week, so price and promo_flag are NaN and the model routes them via HistGradientBoostingRegressor native missing-value handling. Under the frozen protocol's plan_missing_policy such a row would be UNAVAILABLE for any scored set; this forecast is outside the protocol's scored contract."
C,SKU004,105,gradient_boosting,31.861485018454403,31.861485018454403,False,17.0,42.0,25.25,,,forecast_no_outcome_yet+plan_unavailable_native_nan_routing,2024-01-01T00:00:00+00:00,2024-01-01T00:00:00+00:00,1c4f5109597839e232a0f4666443347e3d45075d918f14a6a5c7d292a57d5c0a,a9604f02542bedc616de8c4c53f479ecbd20eabecd9f25c7a134ebe84e06b9eb,7275e08eaf7ed88067f9a8ce63a597e92f6546b0be3987bbf8e1606ec37878cf,"Any forecast issued for a week whose outcome does not yet exist carries no accuracy metric until that outcome is observed (protocol outputs_deferred_to_later_steps.real_future_forecast_caveat). No price/promo plan exists for this week, so price and promo_flag are NaN and the model routes them via HistGradientBoostingRegressor native missing-value handling. Under the frozen protocol's plan_missing_policy such a row would be UNAVAILABLE for any scored set; this forecast is outside the protocol's scored contract."
C,SKU005,105,gradient_boosting,14.475145112561963,14.475145112561963,False,10.0,11.0,16.666666666666668,,,forecast_no_outcome_yet+plan_unavailable_native_nan_routing,2024-01-01T00:00:00+00:00,2024-01-01T00:00:00+00:00,1c4f5109597839e232a0f4666443347e3d45075d918f14a6a5c7d292a57d5c0a,a9604f02542bedc616de8c4c53f479ecbd20eabecd9f25c7a134ebe84e06b9eb,7275e08eaf7ed88067f9a8ce63a597e92f6546b0be3987bbf8e1606ec37878cf,"Any forecast issued for a week whose outcome does not yet exist carries no accuracy metric until that outcome is observed (protocol outputs_deferred_to_later_steps.real_future_forecast_caveat). No price/promo plan exists for this week, so price and promo_flag are NaN and the model routes them via HistGradientBoostingRegressor native missing-value handling. Under the frozen protocol's plan_missing_policy such a row would be UNAVAILABLE for any scored set; this forecast is outside the protocol's scored contract."
C,SKU006,105,gradient_boosting,17.104144427155614,17.104144427155614,False,8.0,16.0,16.75,,,forecast_no_outcome_yet+plan_unavailable_native_nan_routing,2024-01-01T00:00:00+00:00,2024-01-01T00:00:00+00:00,1c4f5109597839e232a0f4666443347e3d45075d918f14a6a5c7d292a57d5c0a,a9604f02542bedc616de8c4c53f479ecbd20eabecd9f25c7a134ebe84e06b9eb,7275e08eaf7ed88067f9a8ce63a597e92f6546b0be3987bbf8e1606ec37878cf,"Any forecast issued for a week whose outcome does not yet exist carries no accuracy metric until that outcome is observed (protocol outputs_deferred_to_later_steps.real_future_forecast_caveat). No price/promo plan exists for this week, so price and promo_flag are NaN and the model routes them via HistGradientBoostingRegressor native missing-value handling. Under the frozen protocol's plan_missing_policy such a row would be UNAVAILABLE for any scored set; this forecast is outside the protocol's scored contract."
C,SKU007,105,gradient_boosting,21.98860133551799,21.98860133551799,False,10.0,11.0,28.0,,,forecast_no_outcome_yet+plan_unavailable_native_nan_routing,2024-01-01T00:00:00+00:00,2024-01-01T00:00:00+00:00,1c4f5109597839e232a0f4666443347e3d45075d918f14a6a5c7d292a57d5c0a,a9604f02542bedc616de8c4c53f479ecbd20eabecd9f25c7a134ebe84e06b9eb,7275e08eaf7ed88067f9a8ce63a597e92f6546b0be3987bbf8e1606ec37878cf,"Any forecast issued for a week whose outcome does not yet exist carries no accuracy metric until that outcome is observed (protocol outputs_deferred_to_later_steps.real_future_forecast_caveat). No price/promo plan exists for this week, so price and promo_flag are NaN and the model routes them via HistGradientBoostingRegressor native missing-value handling. Under the frozen protocol's plan_missing_policy such a row would be UNAVAILABLE for any scored set; this forecast is outside the protocol's scored contract."
C,SKU008,105,gradient_boosting,16.351475587283545,16.351475587283545,False,16.0,16.0,13.75,,,forecast_no_outcome_yet+plan_unavailable_native_nan_routing,2024-01-01T00:00:00+00:00,2024-01-01T00:00:00+00:00,1c4f5109597839e232a0f4666443347e3d45075d918f14a6a5c7d292a57d5c0a,a9604f02542bedc616de8c4c53f479ecbd20eabecd9f25c7a134ebe84e06b9eb,7275e08eaf7ed88067f9a8ce63a597e92f6546b0be3987bbf8e1606ec37878cf,"Any forecast issued for a week whose outcome does not yet exist carries no accuracy metric until that outcome is observed (protocol outputs_deferred_to_later_steps.real_future_forecast_caveat). No price/promo plan exists for this week, so price and promo_flag are NaN and the model routes them via HistGradientBoostingRegressor native missing-value handling. Under the frozen protocol's plan_missing_policy such a row would be UNAVAILABLE for any scored set; this forecast is outside the protocol's scored contract."
C,SKU009,105,gradient_boosting,14.49352044569237,14.49352044569237,False,20.0,17.0,15.75,,,forecast_no_outcome_yet+plan_unavailable_native_nan_routing,2024-01-01T00:00:00+00:00,2024-01-01T00:00:00+00:00,1c4f5109597839e232a0f4666443347e3d45075d918f14a6a5c7d292a57d5c0a,a9604f02542bedc616de8c4c53f479ecbd20eabecd9f25c7a134ebe84e06b9eb,7275e08eaf7ed88067f9a8ce63a597e92f6546b0be3987bbf8e1606ec37878cf,"Any forecast issued for a week whose outcome does not yet exist carries no accuracy metric until that outcome is observed (protocol outputs_deferred_to_later_steps.real_future_forecast_caveat). No price/promo plan exists for this week, so price and promo_flag are NaN and the model routes them via HistGradientBoostingRegressor native missing-value handling. Under the frozen protocol's plan_missing_policy such a row would be UNAVAILABLE for any scored set; this forecast is outside the protocol's scored contract."
C,SKU010,105,gradient_boosting,30.55393610499023,30.55393610499023,False,41.0,20.0,31.25,,,forecast_no_outcome_yet+plan_unavailable_native_nan_routing,2024-01-01T00:00:00+00:00,2024-01-01T00:00:00+00:00,1c4f5109597839e232a0f4666443347e3d45075d918f14a6a5c7d292a57d5c0a,a9604f02542bedc616de8c4c53f479ecbd20eabecd9f25c7a134ebe84e06b9eb,7275e08eaf7ed88067f9a8ce63a597e92f6546b0be3987bbf8e1606ec37878cf,"Any forecast issued for a week whose outcome does not yet exist carries no accuracy metric until that outcome is observed (protocol outputs_deferred_to_later_steps.real_future_forecast_caveat). No price/promo plan exists for this week, so price and promo_flag are NaN and the model routes them via HistGradientBoostingRegressor native missing-value handling. Under the frozen protocol's plan_missing_policy such a row would be UNAVAILABLE for any scored set; this forecast is outside the protocol's scored contract."
C,SKU011,105,gradient_boosting,22.172153658033846,22.172153658033846,False,20.0,,20.5,,,forecast_no_outcome_yet+plan_unavailable_native_nan_routing,2024-01-01T00:00:00+00:00,2024-01-01T00:00:00+00:00,1c4f5109597839e232a0f4666443347e3d45075d918f14a6a5c7d292a57d5c0a,a9604f02542bedc616de8c4c53f479ecbd20eabecd9f25c7a134ebe84e06b9eb,7275e08eaf7ed88067f9a8ce63a597e92f6546b0be3987bbf8e1606ec37878cf,"Any forecast issued for a week whose outcome does not yet exist carries no accuracy metric until that outcome is observed (protocol outputs_deferred_to_later_steps.real_future_forecast_caveat). No price/promo plan exists for this week, so price and promo_flag are NaN and the model routes them via HistGradientBoostingRegressor native missing-value handling. Under the frozen protocol's plan_missing_policy such a row would be UNAVAILABLE for any scored set; this forecast is outside the protocol's scored contract."
C,SKU012,105,gradient_boosting,46.35943596076654,46.35943596076654,False,59.0,57.0,43.0,,,forecast_no_outcome_yet+plan_unavailable_native_nan_routing,2024-01-01T00:00:00+00:00,2024-01-01T00:00:00+00:00,1c4f5109597839e232a0f4666443347e3d45075d918f14a6a5c7d292a57d5c0a,a9604f02542bedc616de8c4c53f479ecbd20eabecd9f25c7a134ebe84e06b9eb,7275e08eaf7ed88067f9a8ce63a597e92f6546b0be3987bbf8e1606ec37878cf,"Any forecast issued for a week whose outcome does not yet exist carries no accuracy metric until that outcome is observed (protocol outputs_deferred_to_later_steps.real_future_forecast_caveat). No price/promo plan exists for this week, so price and promo_flag are NaN and the model routes them via HistGradientBoostingRegressor native missing-value handling. Under the frozen protocol's plan_missing_policy such a row would be UNAVAILABLE for any scored set; this forecast is outside the protocol's scored contract."
C,SKU013,105,gradient_boosting,22.322326791425276,22.322326791425276,False,14.0,24.0,17.25,,,forecast_no_outcome_yet+plan_unavailable_native_nan_routing,2024-01-01T00:00:00+00:00,2024-01-01T00:00:00+00:00,1c4f5109597839e232a0f4666443347e3d45075d918f14a6a5c7d292a57d5c0a,a9604f02542bedc616de8c4c53f479ecbd20eabecd9f25c7a134ebe84e06b9eb,7275e08eaf7ed88067f9a8ce63a597e92f6546b0be3987bbf8e1606ec37878cf,"Any forecast issued for a week whose outcome does not yet exist carries no accuracy metric until that outcome is observed (protocol outputs_deferred_to_later_steps.real_future_forecast_caveat). No price/promo plan exists for this week, so price and promo_flag are NaN and the model routes them via HistGradientBoostingRegressor native missing-value handling. Under the frozen protocol's plan_missing_policy such a row would be UNAVAILABLE for any scored set; this forecast is outside the protocol's scored contract."
C,SKU014,105,gradient_boosting,23.392807310483324,23.392807310483324,False,8.0,16.0,15.25,,,forecast_no_outcome_yet+plan_unavailable_native_nan_routing,2024-01-01T00:00:00+00:00,2024-01-01T00:00:00+00:00,1c4f5109597839e232a0f4666443347e3d45075d918f14a6a5c7d292a57d5c0a,a9604f02542bedc616de8c4c53f479ecbd20eabecd9f25c7a134ebe84e06b9eb,7275e08eaf7ed88067f9a8ce63a597e92f6546b0be3987bbf8e1606ec37878cf,"Any forecast issued for a week whose outcome does not yet exist carries no accuracy metric until that outcome is observed (protocol outputs_deferred_to_later_steps.real_future_forecast_caveat). No price/promo plan exists for this week, so price and promo_flag are NaN and the model routes them via HistGradientBoostingRegressor native missing-value handling. Under the frozen protocol's plan_missing_policy such a row would be UNAVAILABLE for any scored set; this forecast is outside the protocol's scored contract."
C,SKU015,105,gradient_boosting,30.530461075008834,30.530461075008834,False,48.0,85.0,37.0,,,forecast_no_outcome_yet+plan_unavailable_native_nan_routing,2024-01-01T00:00:00+00:00,2024-01-01T00:00:00+00:00,1c4f5109597839e232a0f4666443347e3d45075d918f14a6a5c7d292a57d5c0a,a9604f02542bedc616de8c4c53f479ecbd20eabecd9f25c7a134ebe84e06b9eb,7275e08eaf7ed88067f9a8ce63a597e92f6546b0be3987bbf8e1606ec37878cf,"Any forecast issued for a week whose outcome does not yet exist carries no accuracy metric until that outcome is observed (protocol outputs_deferred_to_later_steps.real_future_forecast_caveat). No price/promo plan exists for this week, so price and promo_flag are NaN and the model routes them via HistGradientBoostingRegressor native missing-value handling. Under the frozen protocol's plan_missing_policy such a row would be UNAVAILABLE for any scored set; this forecast is outside the protocol's scored contract."
C,SKU016,105,gradient_boosting,31.733016898622026,31.733016898622026,False,35.0,37.0,27.0,,,forecast_no_outcome_yet+plan_unavailable_native_nan_routing,2024-01-01T00:00:00+00:00,2024-01-01T00:00:00+00:00,1c4f5109597839e232a0f4666443347e3d45075d918f14a6a5c7d292a57d5c0a,a9604f02542bedc616de8c4c53f479ecbd20eabecd9f25c7a134ebe84e06b9eb,7275e08eaf7ed88067f9a8ce63a597e92f6546b0be3987bbf8e1606ec37878cf,"Any forecast issued for a week whose outcome does not yet exist carries no accuracy metric until that outcome is observed (protocol outputs_deferred_to_later_steps.real_future_forecast_caveat). No price/promo plan exists for this week, so price and promo_flag are NaN and the model routes them via HistGradientBoostingRegressor native missing-value handling. Under the frozen protocol's plan_missing_policy such a row would be UNAVAILABLE for any scored set; this forecast is outside the protocol's scored contract."
C,SKU017,105,gradient_boosting,34.041697303147274,34.041697303147274,False,31.0,32.0,28.333333333333332,,,forecast_no_outcome_yet+plan_unavailable_native_nan_routing,2024-01-01T00:00:00+00:00,2024-01-01T00:00:00+00:00,1c4f5109597839e232a0f4666443347e3d45075d918f14a6a5c7d292a57d5c0a,a9604f02542bedc616de8c4c53f479ecbd20eabecd9f25c7a134ebe84e06b9eb,7275e08eaf7ed88067f9a8ce63a597e92f6546b0be3987bbf8e1606ec37878cf,"Any forecast issued for a week whose outcome does not yet exist carries no accuracy metric until that outcome is observed (protocol outputs_deferred_to_later_steps.real_future_forecast_caveat). No price/promo plan exists for this week, so price and promo_flag are NaN and the model routes them via HistGradientBoostingRegressor native missing-value handling. Under the frozen protocol's plan_missing_policy such a row would be UNAVAILABLE for any scored set; this forecast is outside the protocol's scored contract."
C,SKU018,105,gradient_boosting,16.54735912647763,16.54735912647763,False,34.0,15.0,17.0,,,forecast_no_outcome_yet+plan_unavailable_native_nan_routing,2024-01-01T00:00:00+00:00,2024-01-01T00:00:00+00:00,1c4f5109597839e232a0f4666443347e3d45075d918f14a6a5c7d292a57d5c0a,a9604f02542bedc616de8c4c53f479ecbd20eabecd9f25c7a134ebe84e06b9eb,7275e08eaf7ed88067f9a8ce63a597e92f6546b0be3987bbf8e1606ec37878cf,"Any forecast issued for a week whose outcome does not yet exist carries no accuracy metric until that outcome is observed (protocol outputs_deferred_to_later_steps.real_future_forecast_caveat). No price/promo plan exists for this week, so price and promo_flag are NaN and the model routes them via HistGradientBoostingRegressor native missing-value handling. Under the frozen protocol's plan_missing_policy such a row would be UNAVAILABLE for any scored set; this forecast is outside the protocol's scored contract."
C,SKU019,105,gradient_boosting,27.387452898103376,27.387452898103376,False,48.0,65.0,26.0,,,forecast_no_outcome_yet+plan_unavailable_native_nan_routing,2024-01-01T00:00:00+00:00,2024-01-01T00:00:00+00:00,1c4f5109597839e232a0f4666443347e3d45075d918f14a6a5c7d292a57d5c0a,a9604f02542bedc616de8c4c53f479ecbd20eabecd9f25c7a134ebe84e06b9eb,7275e08eaf7ed88067f9a8ce63a597e92f6546b0be3987bbf8e1606ec37878cf,"Any forecast issued for a week whose outcome does not yet exist carries no accuracy metric until that outcome is observed (protocol outputs_deferred_to_later_steps.real_future_forecast_caveat). No price/promo plan exists for this week, so price and promo_flag are NaN and the model routes them via HistGradientBoostingRegressor native missing-value handling. Under the frozen protocol's plan_missing_policy such a row would be UNAVAILABLE for any scored set; this forecast is outside the protocol's scored contract."
C,SKU020,105,gradient_boosting,14.423920255224091,14.423920255224091,False,15.0,11.0,10.75,,,forecast_no_outcome_yet+plan_unavailable_native_nan_routing,2024-01-01T00:00:00+00:00,2024-01-01T00:00:00+00:00,1c4f5109597839e232a0f4666443347e3d45075d918f14a6a5c7d292a57d5c0a,a9604f02542bedc616de8c4c53f479ecbd20eabecd9f25c7a134ebe84e06b9eb,7275e08eaf7ed88067f9a8ce63a597e92f6546b0be3987bbf8e1606ec37878cf,"Any forecast issued for a week whose outcome does not yet exist carries no accuracy metric until that outcome is observed (protocol outputs_deferred_to_later_steps.real_future_forecast_caveat). No price/promo plan exists for this week, so price and promo_flag are NaN and the model routes them via HistGradientBoostingRegressor native missing-value handling. Under the frozen protocol's plan_missing_policy such a row would be UNAVAILABLE for any scored set; this forecast is outside the protocol's scored contract."
C,SKU021,105,gradient_boosting,27.615468162236983,27.615468162236983,False,11.0,39.0,21.25,,,forecast_no_outcome_yet+plan_unavailable_native_nan_routing,2024-01-01T00:00:00+00:00,2024-01-01T00:00:00+00:00,1c4f5109597839e232a0f4666443347e3d45075d918f14a6a5c7d292a57d5c0a,a9604f02542bedc616de8c4c53f479ecbd20eabecd9f25c7a134ebe84e06b9eb,7275e08eaf7ed88067f9a8ce63a597e92f6546b0be3987bbf8e1606ec37878cf,"Any forecast issued for a week whose outcome does not yet exist carries no accuracy metric until that outcome is observed (protocol outputs_deferred_to_later_steps.real_future_forecast_caveat). No price/promo plan exists for this week, so price and promo_flag are NaN and the model routes them via HistGradientBoostingRegressor native missing-value handling. Under the frozen protocol's plan_missing_policy such a row would be UNAVAILABLE for any scored set; this forecast is outside the protocol's scored contract."
C,SKU022,105,gradient_boosting,21.279820642422678,21.279820642422678,False,22.0,10.0,19.75,,,forecast_no_outcome_yet+plan_unavailable_native_nan_routing,2024-01-01T00:00:00+00:00,2024-01-01T00:00:00+00:00,1c4f5109597839e232a0f4666443347e3d45075d918f14a6a5c7d292a57d5c0a,a9604f02542bedc616de8c4c53f479ecbd20eabecd9f25c7a134ebe84e06b9eb,7275e08eaf7ed88067f9a8ce63a597e92f6546b0be3987bbf8e1606ec37878cf,"Any forecast issued for a week whose outcome does not yet exist carries no accuracy metric until that outcome is observed (protocol outputs_deferred_to_later_steps.real_future_forecast_caveat). No price/promo plan exists for this week, so price and promo_flag are NaN and the model routes them via HistGradientBoostingRegressor native missing-value handling. Under the frozen protocol's plan_missing_policy such a row would be UNAVAILABLE for any scored set; this forecast is outside the protocol's scored contract."
C,SKU023,105,gradient_boosting,28.181631644545593,28.181631644545593,False,26.0,35.0,25.0,,,forecast_no_outcome_yet+plan_unavailable_native_nan_routing,2024-01-01T00:00:00+00:00,2024-01-01T00:00:00+00:00,1c4f5109597839e232a0f4666443347e3d45075d918f14a6a5c7d292a57d5c0a,a9604f02542bedc616de8c4c53f479ecbd20eabecd9f25c7a134ebe84e06b9eb,7275e08eaf7ed88067f9a8ce63a597e92f6546b0be3987bbf8e1606ec37878cf,"Any forecast issued for a week whose outcome does not yet exist carries no accuracy metric until that outcome is observed (protocol outputs_deferred_to_later_steps.real_future_forecast_caveat). No price/promo plan exists for this week, so price and promo_flag are NaN and the model routes them via HistGradientBoostingRegressor native missing-value handling. Under the frozen protocol's plan_missing_policy such a row would be UNAVAILABLE for any scored set; this forecast is outside the protocol's scored contract."
C,SKU024,105,gradient_boosting,31.237269879086586,31.237269879086586,False,63.0,39.0,42.25,,,forecast_no_outcome_yet+plan_unavailable_native_nan_routing,2024-01-01T00:00:00+00:00,2024-01-01T00:00:00+00:00,1c4f5109597839e232a0f4666443347e3d45075d918f14a6a5c7d292a57d5c0a,a9604f02542bedc616de8c4c53f479ecbd20eabecd9f25c7a134ebe84e06b9eb,7275e08eaf7ed88067f9a8ce63a597e92f6546b0be3987bbf8e1606ec37878cf,"Any forecast issued for a week whose outcome does not yet exist carries no accuracy metric until that outcome is observed (protocol outputs_deferred_to_later_steps.real_future_forecast_caveat). No price/promo plan exists for this week, so price and promo_flag are NaN and the model routes them via HistGradientBoostingRegressor native missing-value handling. Under the frozen protocol's plan_missing_policy such a row would be UNAVAILABLE for any scored set; this forecast is outside the protocol's scored contract."
C,SKU025,105,gradient_boosting,23.923839297109478,23.923839297109478,False,31.0,26.0,24.25,,,forecast_no_outcome_yet+plan_unavailable_native_nan_routing,2024-01-01T00:00:00+00:00,2024-01-01T00:00:00+00:00,1c4f5109597839e232a0f4666443347e3d45075d918f14a6a5c7d292a57d5c0a,a9604f02542bedc616de8c4c53f479ecbd20eabecd9f25c7a134ebe84e06b9eb,7275e08eaf7ed88067f9a8ce63a597e92f6546b0be3987bbf8e1606ec37878cf,"Any forecast issued for a week whose outcome does not yet exist carries no accuracy metric until that outcome is observed (protocol outputs_deferred_to_later_steps.real_future_forecast_caveat). No price/promo plan exists for this week, so price and promo_flag are NaN and the model routes them via HistGradientBoostingRegressor native missing-value handling. Under the frozen protocol's plan_missing_policy such a row would be UNAVAILABLE for any scored set; this forecast is outside the protocol's scored contract."
C,SKU026,105,gradient_boosting,23.11808207594521,23.11808207594521,False,20.0,35.0,20.25,,,forecast_no_outcome_yet+plan_unavailable_native_nan_routing,2024-01-01T00:00:00+00:00,2024-01-01T00:00:00+00:00,1c4f5109597839e232a0f4666443347e3d45075d918f14a6a5c7d292a57d5c0a,a9604f02542bedc616de8c4c53f479ecbd20eabecd9f25c7a134ebe84e06b9eb,7275e08eaf7ed88067f9a8ce63a597e92f6546b0be3987bbf8e1606ec37878cf,"Any forecast issued for a week whose outcome does not yet exist carries no accuracy metric until that outcome is observed (protocol outputs_deferred_to_later_steps.real_future_forecast_caveat). No price/promo plan exists for this week, so price and promo_flag are NaN and the model routes them via HistGradientBoostingRegressor native missing-value handling. Under the frozen protocol's plan_missing_policy such a row would be UNAVAILABLE for any scored set; this forecast is outside the protocol's scored contract."
C,SKU027,105,gradient_boosting,43.890708501570955,43.890708501570955,False,37.0,49.0,48.25,,,forecast_no_outcome_yet+plan_unavailable_native_nan_routing,2024-01-01T00:00:00+00:00,2024-01-01T00:00:00+00:00,1c4f5109597839e232a0f4666443347e3d45075d918f14a6a5c7d292a57d5c0a,a9604f02542bedc616de8c4c53f479ecbd20eabecd9f25c7a134ebe84e06b9eb,7275e08eaf7ed88067f9a8ce63a597e92f6546b0be3987bbf8e1606ec37878cf,"Any forecast issued for a week whose outcome does not yet exist carries no accuracy metric until that outcome is observed (protocol outputs_deferred_to_later_steps.real_future_forecast_caveat). No price/promo plan exists for this week, so price and promo_flag are NaN and the model routes them via HistGradientBoostingRegressor native missing-value handling. Under the frozen protocol's plan_missing_policy such a row would be UNAVAILABLE for any scored set; this forecast is outside the protocol's scored contract."
C,SKU028,105,gradient_boosting,20.784446607365435,20.784446607365435,False,20.0,20.0,20.75,,,forecast_no_outcome_yet+plan_unavailable_native_nan_routing,2024-01-01T00:00:00+00:00,2024-01-01T00:00:00+00:00,1c4f5109597839e232a0f4666443347e3d45075d918f14a6a5c7d292a57d5c0a,a9604f02542bedc616de8c4c53f479ecbd20eabecd9f25c7a134ebe84e06b9eb,7275e08eaf7ed88067f9a8ce63a597e92f6546b0be3987bbf8e1606ec37878cf,"Any forecast issued for a week whose outcome does not yet exist carries no accuracy metric until that outcome is observed (protocol outputs_deferred_to_later_steps.real_future_forecast_caveat). No price/promo plan exists for this week, so price and promo_flag are NaN and the model routes them via HistGradientBoostingRegressor native missing-value handling. Under the frozen protocol's plan_missing_policy such a row would be UNAVAILABLE for any scored set; this forecast is outside the protocol's scored contract."
C,SKU029,105,gradient_boosting,36.43691651550042,36.43691651550042,False,26.0,39.0,31.25,,,forecast_no_outcome_yet+plan_unavailable_native_nan_routing,2024-01-01T00:00:00+00:00,2024-01-01T00:00:00+00:00,1c4f5109597839e232a0f4666443347e3d45075d918f14a6a5c7d292a57d5c0a,a9604f02542bedc616de8c4c53f479ecbd20eabecd9f25c7a134ebe84e06b9eb,7275e08eaf7ed88067f9a8ce63a597e92f6546b0be3987bbf8e1606ec37878cf,"Any forecast issued for a week whose outcome does not yet exist carries no accuracy metric until that outcome is observed (protocol outputs_deferred_to_later_steps.real_future_forecast_caveat). No price/promo plan exists for this week, so price and promo_flag are NaN and the model routes them via HistGradientBoostingRegressor native missing-value handling. Under the frozen protocol's plan_missing_policy such a row would be UNAVAILABLE for any scored set; this forecast is outside the protocol's scored contract."
C,SKU030,105,gradient_boosting,12.461807650308785,12.461807650308785,False,14.0,12.0,11.5,,,forecast_no_outcome_yet+plan_unavailable_native_nan_routing,2024-01-01T00:00:00+00:00,2024-01-01T00:00:00+00:00,1c4f5109597839e232a0f4666443347e3d45075d918f14a6a5c7d292a57d5c0a,a9604f02542bedc616de8c4c53f479ecbd20eabecd9f25c7a134ebe84e06b9eb,7275e08eaf7ed88067f9a8ce63a597e92f6546b0be3987bbf8e1606ec37878cf,"Any forecast issued for a week whose outcome does not yet exist carries no accuracy metric until that outcome is observed (protocol outputs_deferred_to_later_steps.real_future_forecast_caveat). No price/promo plan exists for this week, so price and promo_flag are NaN and the model routes them via HistGradientBoostingRegressor native missing-value handling. Under the frozen protocol's plan_missing_policy such a row would be UNAVAILABLE for any scored set; this forecast is outside the protocol's scored contract."
